,concurrent
0,7533
1,720629
2,8243
3,16071
4,158988
5,3733
6,16399
7,41143
8,549210
9,37475
10,17959
11,61180
12,8086
13,42963
14,9339
15,88222
16,28916
17,16473
18,1003
19,9913
20,52407
21,10697
22,94710
23,0
24,83264
25,3628
26,2693
27,16535
28,40420
29,14461
30,10893
31,18897
32,8319
33,3150
34,2546
35,3572
36,38697
37,6398
38,22425
39,1167
40,52721
41,11942
42,17540
43,45988
44,4597
45,21142
46,6990
47,7920
48,171612
49,4894
50,770
51,275
52,33057
53,1245
54,15962
55,0
56,12560
57,18584
58,1339
59,24566
60,34259
61,1923
62,186
63,8177
64,0
65,7839
66,14160
67,616
68,3293
69,226
70,5967
71,31813
72,5821
73,12019
74,1668
75,1072
76,15177
77,36339
78,0
79,816
80,378
81,376
82,3242
83,2914
84,2769
85,22130
86,7524
87,565
88,7695
89,321
90,17334
91,9832
92,1580
93,17932
94,10614
95,4470
96,0
97,41776
98,79
99,736
100,608
101,4468
102,3817
103,604
104,2977
105,666
106,0
107,1545
108,2673
109,0
110,2956
111,1687
112,3674
113,9180
114,3217
115,14220
116,4093
117,3788
118,4140
119,416
120,17960
121,205
122,1520
123,669
124,3682
125,2183
126,0
127,0
128,7526
129,402
130,630
131,812
132,4644
133,2014
134,534
135,0
136,0
137,2321
138,4494
139,1204
140,2377
141,7764
142,2598
143,1551
144,1858
145,711
146,1862
147,21793
148,2551
149,1636
150,1695
151,691
152,0
153,2070
154,452
155,217
156,909
157,0
158,1171
159,1536
160,5045
161,0
162,24853
163,443
164,5697
165,618
166,119
167,0
168,19842
169,12360
170,3843
171,14878
172,0
173,3355
174,0
175,1676
176,5938
177,968
178,6997
179,1204
180,1683
181,1028
182,311
183,1018
184,1581
185,2725
186,2564
187,1429
188,3352
189,83
190,6766
191,733
192,179
193,759
194,11568
195,2541
196,1532
197,2703
198,87
199,6095
200,6111
201,610
202,1115
203,0
204,0
205,4856
206,1618
207,1212
208,464
209,104
210,818
211,234
212,0
213,98
214,3236
215,621
216,909
217,378
218,1223
219,2039
220,1072
221,786
222,1199
223,1125
224,2113
225,0
226,393
227,741
228,933
229,8002
230,97
231,107
232,216
233,2520
234,6389
235,51
236,1996
237,1564
238,24
239,891
240,755
241,161
242,793
243,442
244,2033
245,574
246,0
247,355
248,726
249,437
250,363
251,4793
252,2645
253,1570
254,231
255,3465
256,41
257,3843
258,774
259,194
260,528
261,396
262,4315
263,2088
264,1536
265,242
266,148
267,1699
268,2077
269,0
270,370
271,2393
272,476
273,871
274,3448
275,141
276,1563
277,4233
278,2815
279,401
280,26
281,472
282,1124
283,103
284,140
285,3524
286,1596
287,2184
288,1293
289,231
290,375
291,134
292,779
293,1761
294,100
295,98
296,152
297,930
298,572
299,2915
300,102
301,491
302,748
303,1641
304,272
305,457
306,89
307,1562
308,62
309,199
310,1516
311,271
312,41
313,283
314,0
315,35
316,2052
317,17
318,1478
319,56
320,156
321,1794
322,30
323,0
324,895
325,509
326,47
327,274
328,11
329,197
330,77
331,270
332,196
333,254
334,881
335,17
336,667
337,458
338,459
339,351
340,54
341,25
342,979
343,1427
344,257
345,92
346,3878
347,4742
348,895
349,2380
350,204
351,4581
352,472
353,250
354,7
355,22
356,932
357,573
358,111
359,439
360,875
361,2233
362,1934
363,266
364,493
365,0
366,1953
367,33
368,751
369,677
370,0
371,308
372,2252
373,1051
374,557
375,10389
376,0
377,260
378,176
379,455
380,257
381,412
382,694
383,712
384,1302
385,26
386,809
387,1853
388,144
389,368
390,43
391,2044
392,125
393,7030
394,890
395,176
396,1038
397,17055
398,675
399,115
400,19
401,133
402,563
403,654
404,54
405,1570
406,257
407,390
408,307
409,144
410,599
411,696
412,622
413,2
414,468
415,432
416,391
417,2426
418,343
419,4765
420,202
421,1220
422,0
423,24
424,137
425,317
426,43
427,91
428,2454
429,566
430,472
431,157
432,0
433,460
434,72
435,2193
436,29
437,764
438,35
439,44
440,411
441,0
442,733
443,143
444,414
445,214
446,388
447,0
448,256
449,0
450,2814
451,30
452,216
453,0
454,78
455,321
456,171
457,341
458,729
459,570
460,612
461,64
462,1321
463,163
464,315
465,105
466,164
467,0
468,1094
469,379
470,0
471,235
472,192
473,14
474,443
475,0
476,0
477,0
478,516
479,430
480,307
481,55
482,79
483,400
484,718
485,154
486,283
487,775
488,251
489,0
490,496
491,1178
492,413
493,307
494,1793
495,598
496,131
497,338
498,607
499,722
500,710
501,465
502,125
503,163
504,64
505,920
506,448
507,360
508,334
509,83
510,52
511,0
512,30
513,1614
514,431
515,38
516,159
517,1382
518,384
519,3022
520,1499
521,480
522,744
523,314
524,11316
525,857
526,100
527,4768
528,664
529,1432
530,2156
531,279
532,159
533,173
534,101
535,2294
536,7
537,10
538,1982
539,123
540,0
541,4297
542,203
543,29
544,550
545,12
546,876
547,915
548,589
549,2
550,133
551,150
552,379
553,194
554,0
555,887
556,449
557,41
558,6
559,78
560,93
561,97
562,162
563,121
564,1
565,0
566,443
567,465
568,408
569,110
570,394
571,147
572,14
573,360
574,46
575,99
576,98
577,620
578,880
579,240
580,253
581,287
582,57
583,387
584,3
585,209
586,115
587,51
588,148
589,550
590,136
591,0
592,44
593,7
594,483
595,285
596,103
597,196
598,508
599,599
600,690
601,264
602,111
603,60
604,272
605,12
606,329
607,1016
608,1631
609,78
610,2407
611,83
612,0
613,463
614,19
615,30
616,0
617,295
618,268
619,152
620,419
621,355
622,106
623,70
624,141
625,814
626,418
627,165
628,137
629,609
630,221
631,122
632,24
633,133
634,649
635,149
636,77
637,2504
638,3
639,30
640,221
641,9
642,260
643,547
644,534
645,29
646,521
647,147
648,1
649,145
650,107
651,387
652,24
653,154
654,7
655,143
656,729
657,307
658,1792
659,544
660,732
661,0
662,61
663,242
664,17
665,54
666,246
667,381
668,65
669,544
670,20
671,238
672,0
673,858
674,1753
675,227
676,44
677,425
678,91
679,444
680,540
681,569
682,12
683,435
684,132
685,1051
686,40
687,6
688,0
689,346
690,142
691,33
692,271
693,33
694,79
695,106
696,110
697,56
698,258
699,459
700,1506
701,49
702,84
703,255
704,145
705,434
706,0
707,0
708,155
709,516
710,28
711,1146
712,777
713,205
714,61
715,33
716,553
717,200
718,129
719,1005
720,286
721,48
722,770
723,355
724,0
725,0
726,3
727,142
728,98
729,71
730,755
731,15
732,1267
733,128
734,354
735,1384
736,146
737,1605
738,180
739,369
740,54
741,663
742,97
743,111
744,126
745,269
746,250
747,0
748,71
749,159
750,318
751,58
752,9
753,7
754,0
755,0
756,286
757,199
758,92
759,280
760,212
761,106
762,1622
763,96
764,912
765,151
766,17
767,164
768,27
769,205
770,22
771,68
772,106
773,122
774,286
775,1647
776,55
777,0
778,73
779,152
780,64
781,500
782,218
783,99
784,99
785,55
786,238
787,981
788,0
789,6
790,102
791,478
792,800
793,12
794,476
795,122
796,84
797,137
798,26142
799,20
800,2013
801,69
802,216
803,117
804,89
805,81
806,178
807,3004
808,316
809,59
810,53
811,46
812,252
813,188
814,0
815,255
816,687
817,93
818,1251
819,87
820,68
821,793
822,91
823,13
824,54
825,216
826,63
827,1198
828,328
829,362
830,425
831,465
832,279
833,62
834,50
835,215
836,32
837,288
838,60
839,23
840,34
841,53
842,1448
843,194
844,131
845,110
846,120
847,658
848,801
849,398
850,186
851,40
852,472
853,156
854,196
855,71
856,5
857,171
858,86
859,120
860,24
861,592
862,142
863,0
864,23
865,40
866,76
867,364
868,13
869,2
870,69
871,94
872,668
873,191
874,199
875,2059
876,0
877,198
878,51
879,267
880,12985
881,888
882,0
883,585
884,170
885,157
886,64
887,11
888,9
889,876
890,95
891,1843
892,167
893,91
894,126
895,766
896,61
897,80
898,303
899,95
900,1351
901,7
902,182
903,53
904,310
905,21
906,0
907,31
908,370
909,34
910,168
911,114
912,20
913,57
914,60
915,52
916,6
917,74
918,0
919,240
920,0
921,4
922,69
923,91
924,1016
925,1379
926,273
927,11
928,215
929,94
930,1548
931,35
932,32
933,90
934,206
935,135
936,162
937,53
938,879
939,565
940,61
941,23
942,19
943,14
944,62
945,64
946,82
947,214
948,99
949,174
950,114
951,238
952,48
953,392
954,290
955,266
956,424
957,83
958,70
959,123
960,88
961,16
962,57
963,0
964,20
965,155
966,3
967,14
968,21
969,31
970,41
971,195
972,25
973,123
974,211
975,200
976,27
977,4
978,145
979,155
980,397
981,326
982,145
983,8
984,20
985,102
986,63
987,13
988,243
989,223
990,65
991,1931
992,71
993,394
994,39
995,37
996,409
997,106
998,13
999,241
1000,21
1001,12
1002,74
1003,671
1004,160
1005,103
1006,62
1007,156
1008,14
1009,3
1010,11
1011,24
1012,82
1013,70
1014,49
1015,1
1016,78
1017,210
1018,64
1019,17
1020,70
1021,0
1022,0
1023,28
1024,244
1025,189
1026,129
1027,0
1028,145
1029,63
1030,357
1031,50
1032,94
1033,835
1034,32
1035,82
1036,41
1037,76
1038,166
1039,123
1040,400
1041,66
1042,233
1043,2633
1044,139
1045,97
1046,96
1047,1210
1048,5
1049,247
1050,10
1051,18
1052,174
1053,1305
1054,29
1055,0
1056,451
1057,62
1058,34
1059,85
1060,43
1061,23
1062,27
1063,232
1064,26
1065,13
1066,11
1067,469
1068,19
1069,12
1070,20
1071,22
1072,0
1073,62
1074,12
1075,4
1076,388
1077,96
1078,21
1079,0
1080,486
1081,0
1082,229
1083,52
1084,274
1085,73
1086,100
1087,110
1088,170
1089,349
1090,323
1091,23
1092,9
1093,300
1094,2
1095,20
1096,43
1097,278
1098,17
1099,7
1100,28
1101,63
1102,15
1103,73
1104,130
1105,7
1106,64
1107,6
1108,67
1109,96
1110,100
1111,372
1112,19
1113,0
1114,2
1115,135
1116,33
1117,743
1118,8
1119,16
1120,102
1121,82
1122,166
1123,491
1124,520
1125,29
1126,148
1127,16
1128,15
1129,1134
1130,0
1131,76
1132,236
1133,7
1134,23
1135,17
1136,371
1137,141
1138,5
1139,105
1140,82
1141,73
1142,202
1143,199
1144,267
1145,24
1146,235
1147,273
1148,41
1149,43
1150,24
1151,9
1152,16
1153,51
1154,6
1155,160
1156,19
1157,8
1158,3
1159,527
1160,121
1161,4
1162,2549
1163,16
1164,6
1165,210
1166,84
1167,11
1168,61
1169,15
1170,105
1171,35
1172,141
1173,199
1174,786
1175,9
1176,16
1177,56
1178,179
1179,187
1180,32
1181,37
1182,49
1183,377
1184,179
1185,259
1186,83
1187,1
1188,29
1189,573
1190,33
1191,84
1192,51
1193,44
1194,97
1195,161
1196,244
1197,187
1198,352
1199,35
1200,1
1201,21
1202,42
1203,93
1204,164
1205,8
1206,74
1207,179
1208,99
1209,3
1210,23
1211,70
1212,10
1213,132
1214,123
1215,265
1216,25
1217,106
1218,1283
1219,63
1220,419
1221,0
1222,145
1223,58
1224,8
1225,0
1226,46
1227,60
1228,0
1229,123
1230,78
1231,0
1232,45
1233,5
1234,19
1235,3
1236,199
1237,109
1238,49
1239,670
1240,33
1241,131
1242,53
1243,38
1244,51
1245,297
1246,302
1247,15
1248,37
1249,83
1250,9
1251,12
1252,0
1253,118
1254,235
1255,5
1256,129
1257,74
1258,0
1259,173
1260,133
1261,0
1262,14
1263,44
1264,713
1265,38
1266,76
1267,227
1268,66
1269,34
1270,70
1271,3
1272,225
1273,72
1274,0
1275,54
1276,14
1277,8
1278,225
1279,11
1280,13
1281,14
1282,3
1283,69
1284,1
1285,55
1286,0
1287,61
1288,3
1289,1
1290,52
1291,165
1292,19
1293,700
1294,8
1295,11
1296,160
1297,217
1298,87
1299,32
1300,42
1301,17
1302,28
1303,9
1304,418
1305,10
1306,3
1307,17
1308,26
1309,18
1310,8
1311,3166
1312,34
1313,50
1314,47
1315,0
1316,71
1317,81
1318,251
1319,38
1320,97
1321,863
1322,17
1323,65
1324,122
1325,500
1326,124
1327,34
1328,511
1329,47
1330,32
1331,339
1332,0
1333,138
1334,325
1335,103
1336,0
1337,81
1338,59
1339,98
1340,26
1341,20
1342,60
1343,6
1344,24
1345,9
1346,98
1347,13
1348,33
1349,16
1350,34
1351,159
1352,37
1353,83
1354,3726
1355,38
1356,3
1357,13
1358,10
1359,1082
1360,154
1361,24
1362,272
1363,5189
1364,209
1365,28
1366,42
1367,42
1368,197
1369,227
1370,38
1371,754
1372,47
1373,334
1374,44
1375,6
1376,0
1377,16
1378,45
1379,32
1380,172
1381,159
1382,50
1383,38
1384,168
1385,0
1386,20
1387,55
1388,0
1389,27
1390,5
1391,0
1392,155
1393,169
1394,20
1395,44
1396,679
1397,143
1398,25
1399,205
1400,67
1401,205
1402,3
1403,2
1404,34
1405,47
1406,57
1407,109
1408,2
1409,30
1410,13
1411,88
1412,1
1413,34
1414,53
1415,21
1416,45
1417,25
1418,155
1419,409
1420,0
1421,90
1422,10
1423,156
1424,3
1425,149
1426,1117
1427,287
1428,33
1429,6
1430,0
1431,150
1432,5
1433,76
1434,145
1435,0
1436,141
1437,74
1438,45
1439,415
1440,2577
1441,235
1442,51
1443,87
1444,5
1445,57
1446,11
1447,7
1448,33
1449,10
1450,77
1451,0
1452,7
1453,1
1454,0
1455,378
1456,25
1457,141
1458,35
1459,213
1460,8
1461,872
1462,124
1463,94
1464,76
1465,13
1466,6
1467,7
1468,13
1469,38
1470,528
1471,92
1472,12
1473,3
1474,28
1475,5
1476,14
1477,10
1478,12
1479,0
1480,0
1481,45
1482,36
1483,2
1484,58
1485,86
1486,10
1487,99
1488,37
1489,47
1490,78
1491,154
1492,18
1493,7
1494,0
1495,67
1496,0
1497,22
1498,95
1499,387
1500,0
1501,27
1502,0
1503,60
1504,454
1505,17
1506,52
1507,26
1508,1283
1509,3
1510,35
1511,69
1512,164
1513,3
1514,30
1515,1134
1516,101
1517,53
1518,7
1519,31
1520,23
1521,31
1522,9
1523,465
1524,13
1525,260
1526,5
1527,176
1528,85
1529,35
1530,94
1531,189
1532,71
1533,83
1534,103
1535,1
1536,373
1537,111
1538,6
1539,99
1540,2
1541,5
1542,130
1543,5
1544,96
1545,18
1546,10
1547,81
1548,87
1549,17
1550,19
1551,9
1552,27
1553,88
1554,71
1555,0
1556,0
1557,0
1558,208
1559,243
1560,13
1561,8
1562,228
1563,79
1564,58
1565,25
1566,104
1567,79
1568,86
1569,17
1570,6
1571,14
1572,63
1573,26
1574,7
1575,45
1576,11
1577,107
1578,219
1579,46
1580,18
1581,3
1582,2
1583,216
1584,65
1585,12
1586,28
1587,66
1588,4
1589,3
1590,72
1591,0
1592,126
1593,123
1594,54
1595,3366
1596,0
1597,18
1598,43
1599,71
1600,7
1601,37
1602,3
1603,14
1604,366
1605,23
1606,33
1607,0
1608,1822
1609,59
1610,12
1611,70
1612,0
1613,0
1614,86
1615,5
1616,4
1617,48
1618,96
1619,13
1620,166
1621,87
1622,0
1623,162
1624,53
1625,22
1626,242
1627,49
1628,19
1629,26
1630,20
1631,60
1632,8
1633,17
1634,8
1635,9
1636,18
1637,267
1638,53
1639,27
1640,137
1641,48
1642,8
1643,26
1644,11
1645,205
1646,36
1647,26
1648,53
1649,22
1650,17
1651,19
1652,0
1653,19
1654,7
1655,37
1656,8
1657,20
1658,275
1659,0
1660,33
1661,33
1662,1492
1663,61
1664,1209
1665,19
1666,1
1667,413
1668,192
1669,0
1670,87
1671,3
1672,22
1673,310
1674,21
1675,37
1676,20
1677,104
1678,30
1679,116
1680,10
1681,42
1682,46
1683,1844
1684,21
1685,0
1686,2868
1687,75
1688,40
1689,2
1690,13
1691,20
1692,0
1693,1
1694,30
1695,2
1696,13
1697,193
1698,0
1699,12
1700,1
1701,42
1702,59
1703,60
1704,14
1705,30
1706,3
1707,37
1708,12
1709,156
1710,21
1711,4
1712,34
1713,33
1714,42
1715,131
1716,26
1717,8
1718,79
1719,70
1720,22
1721,37
1722,75
1723,319
1724,26
1725,10
1726,518
1727,100
1728,64
1729,7
1730,60
1731,10
1732,5
1733,0
1734,258
1735,69
1736,2
1737,9
1738,440
1739,90
1740,54
1741,10
1742,336
1743,69
1744,21
1745,3
1746,74
1747,15
1748,9
1749,25
1750,1
1751,720
1752,38
1753,36
1754,42
1755,54
1756,10
1757,150
1758,182
1759,479
1760,79
1761,45
1762,11
1763,15
1764,7
1765,67
1766,48
1767,62
1768,29
1769,23
1770,3
1771,5
1772,96
1773,39
1774,10
1775,6
1776,47
1777,276
1778,10
1779,56
1780,4
1781,45
1782,31
1783,0
1784,2
1785,3
1786,1
1787,13
1788,7
1789,76
1790,419
1791,27
1792,236
1793,41
1794,14
1795,2
1796,369
1797,106
1798,0
1799,281
1800,76
1801,620
1802,0
1803,62
1804,7
1805,28
1806,4
1807,35
1808,5
1809,15
1810,56
1811,13
1812,85
1813,107
1814,5
1815,4
1816,9
1817,87
1818,9
1819,120
1820,7
1821,6
1822,9
1823,3
1824,117
1825,4
1826,318
1827,8
1828,133
1829,27
1830,6
1831,315
1832,92
1833,17
1834,180
1835,21
1836,5
1837,16
1838,6
1839,12
1840,0
1841,63
1842,141
1843,0
1844,10
1845,6
1846,12
1847,8
1848,0
1849,21
1850,12
1851,37
1852,436
1853,0
1854,1
1855,103
1856,23
1857,133
1858,565
1859,7
1860,17
1861,85
1862,17
1863,9
1864,21
1865,34
1866,34
1867,8
1868,14
1869,1
1870,37
1871,61
1872,21
1873,34
1874,6
1875,151
1876,0
1877,62
1878,19
1879,566
1880,22
1881,65
1882,31
1883,4
1884,7
1885,0
1886,23
1887,19
1888,4
1889,95
1890,38
1891,14
1892,23
1893,0
1894,14
1895,6
1896,54
1897,17
1898,46
1899,12
1900,18
1901,0
1902,23
1903,252
1904,8
1905,44
1906,407
1907,644
1908,40
1909,34
1910,20
1911,31
1912,4
1913,14
1914,5
1915,129
1916,267
1917,3
1918,14
1919,5
1920,6
1921,7
1922,83
1923,11
1924,3
1925,151
1926,9
1927,18
1928,49
1929,29
1930,89
1931,15
1932,76
1933,15
1934,5
1935,13
1936,94
1937,3
1938,45
1939,21
1940,8
1941,5
1942,8
1943,24
1944,29
1945,13
1946,112
1947,486
1948,171
1949,2
1950,6
1951,143
1952,10
1953,0
1954,6
1955,4
1956,93
1957,30
1958,795
1959,20
1960,9
1961,0
1962,9
1963,50
1964,16
1965,0
1966,3
1967,0
1968,9
1969,11
1970,0
1971,40
1972,0
1973,25
1974,61
1975,50
1976,3
1977,10
1978,25
1979,33
1980,10
1981,7
1982,21
1983,5
1984,184
1985,12
1986,25
1987,26
1988,2
1989,18
1990,0
1991,34
1992,36
1993,41
1994,51
1995,17
1996,134
1997,5
1998,20
1999,0
2000,3
2001,13
2002,136
2003,36
2004,35
2005,23
2006,8
2007,20
2008,259
2009,0
2010,47
2011,2
2012,13
2013,42
2014,131
2015,11
2016,5
2017,10
2018,49
2019,6
2020,38
2021,83
2022,113
2023,18
2024,9
2025,37
2026,105
2027,2
2028,127
2029,20
2030,68
2031,1
2032,37
2033,244
2034,18
2035,270
2036,660
2037,76
2038,0
2039,13
2040,43
2041,0
2042,26
2043,66
2044,19
2045,139
2046,11
2047,46
2048,12
2049,4
2050,9
2051,195
2052,36
2053,117
2054,8
2055,18
2056,25
2057,52
2058,88
2059,111
2060,1
2061,350
2062,39
2063,2
2064,71
2065,40
2066,3
2067,19
2068,105
2069,29
2070,68
2071,16
2072,64
2073,6
2074,0
2075,1
2076,20
2077,4
2078,12
2079,24
2080,48
2081,5
2082,6
2083,1
2084,32
2085,10
2086,6
2087,34
2088,17
2089,1
2090,308
2091,52
2092,10
2093,41
2094,192
2095,7
2096,22
2097,14
2098,360
2099,0
2100,13
2101,174
2102,8
2103,18
2104,13
2105,365
2106,32
2107,3
2108,87
2109,23
2110,3
2111,11
2112,5
2113,58
2114,1
2115,35
2116,245
2117,341
2118,376
2119,3644
2120,5
2121,4
2122,3
2123,21
2124,83
2125,15
2126,34
2127,9
2128,146
2129,33
2130,20
2131,8
2132,3
2133,158
2134,51
2135,2
2136,0
2137,5
2138,42
2139,4
2140,11
2141,6
2142,7
2143,13
2144,14
2145,7
2146,17
2147,5
2148,28
2149,4
2150,29
2151,98
2152,14
2153,1
2154,4
2155,11
2156,284
2157,22
2158,3
2159,89
2160,6
2161,70
2162,45
2163,15
2164,11
2165,6
2166,36
2167,62
2168,5
2169,12
2170,88
2171,105
2172,31
2173,12
2174,62
2175,249
2176,25
2177,15
2178,5
2179,5
2180,429
2181,7
2182,29
2183,0
2184,26
2185,17
2186,4
2187,61
2188,94
2189,28
2190,16
2191,15
2192,1
2193,19
2194,7
2195,2
2196,36
2197,0
2198,1
2199,3
2200,12
2201,539
2202,41
2203,10
2204,6
2205,3
2206,18
2207,0
2208,39
2209,31
2210,9
2211,1
2212,22
2213,32
2214,9
2215,12
2216,4
2217,5
2218,97
2219,3
2220,0
2221,172
2222,53
2223,2
2224,29
2225,26
2226,15
2227,9
2228,12
2229,6
2230,60
2231,0
2232,15
2233,33
2234,0
2235,54
2236,2
2237,66
2238,23
2239,11
2240,15
2241,84
2242,33
2243,32
2244,86
2245,12
2246,8
2247,89
2248,3
2249,44
2250,0
2251,4
2252,70
2253,16
2254,13
2255,1
2256,7
2257,1
2258,5
2259,6
2260,39
2261,348
2262,10
2263,4
2264,19
2265,5
2266,4
2267,26
2268,77
2269,2
2270,16
2271,37
2272,32
2273,1
2274,2
2275,49
2276,9
2277,10
2278,0
2279,7
2280,0
2281,0
2282,7
2283,17
2284,8
2285,4
2286,3
2287,0
2288,43
2289,5
2290,0
2291,3
2292,0
2293,4
2294,4
2295,0
2296,10
2297,58
2298,6
2299,161
2300,3
2301,8
2302,40
2303,36
2304,16
2305,73
2306,326
2307,7
2308,38
2309,3
2310,92
2311,119
2312,6
2313,200
2314,2
2315,19
2316,14
2317,79
2318,261
2319,11
2320,0
2321,5
2322,26
2323,2
2324,0
2325,67
2326,22
2327,166
2328,25
2329,29
2330,12
2331,27
2332,5
2333,14
2334,56
2335,4
2336,90
2337,4
2338,3
2339,6
2340,19
2341,28
2342,101
2343,0
2344,89
2345,14
2346,27
2347,7
2348,44
2349,5
2350,0
2351,0
2352,9
2353,33
2354,0
2355,7
2356,64
2357,7
2358,19
2359,25
2360,3
2361,13
2362,0
2363,7
2364,15
2365,105
2366,6
2367,18
2368,5
2369,216
2370,39
2371,2
2372,16
2373,1
2374,2
2375,12
2376,12
2377,3
2378,41
2379,229
2380,175
2381,28
2382,6
2383,32
2384,6
2385,6
2386,0
2387,5
2388,14
2389,3
2390,11
2391,16
2392,14
2393,1
2394,69
2395,0
2396,13
2397,136
2398,35
2399,5
2400,9
2401,5
2402,75
2403,130
2404,7
2405,3
2406,23
2407,1
2408,23
2409,14
2410,16
2411,11
2412,3
2413,65
2414,6
2415,8
2416,15
2417,29
2418,37
2419,1
2420,11
2421,1
2422,125
2423,24
2424,19
2425,6
2426,23
2427,6
2428,2
2429,48
2430,18
2431,7
2432,4
2433,23
2434,109
2435,2
2436,4
2437,408
2438,13
2439,33
2440,33
2441,29
2442,10
2443,6
2444,4
2445,57
2446,53
2447,18
2448,13
2449,2
2450,9
2451,3
2452,10
2453,5
2454,28
2455,0
2456,356
2457,18
2458,16
2459,0
2460,37
2461,31
2462,88
2463,2
2464,2
2465,6
2466,78
2467,3
2468,6
2469,2
2470,18
2471,5
2472,61
2473,13
2474,7
2475,12
2476,44
2477,3
2478,227
2479,8
2480,0
2481,29
2482,1
2483,1
2484,6
2485,7
2486,3
2487,17
2488,8
2489,50
2490,3
2491,28
2492,15
2493,1
2494,19
2495,3
2496,24
2497,1
2498,11
2499,16
2500,7
2501,9
2502,13
2503,30
2504,10
2505,2
2506,65
2507,6
2508,2
2509,8
2510,17
2511,7
2512,1
2513,4
2514,0
2515,0
2516,45
2517,26
2518,17
2519,3
2520,79
2521,2
2522,67
2523,0
2524,20
2525,14
2526,33
2527,13
2528,9
2529,5
2530,28
2531,57
2532,0
2533,35
2534,24
2535,20
2536,2
2537,4
2538,16
2539,1026
2540,9
2541,10
2542,60
2543,19
2544,44
2545,1311
2546,13
2547,12
2548,7
2549,8
2550,14
2551,75
2552,16
2553,12
2554,6
2555,2
2556,6
2557,6
2558,1
2559,61
2560,66
2561,36
2562,29
2563,13
2564,49
2565,5
2566,2
2567,14
2568,3
2569,1
2570,144
2571,11
2572,0
2573,45
2574,2
2575,27
2576,34
2577,19
2578,11
2579,3
2580,37
2581,2
2582,51
2583,18
2584,21
2585,12
2586,31
2587,32
2588,11
2589,17
2590,8
2591,1
2592,8
2593,9
2594,4
2595,3
2596,0
2597,11
2598,70
2599,0
2600,114
2601,15
2602,10
2603,2
2604,8
2605,160
2606,0
2607,3
2608,12
2609,5
2610,8
2611,25
2612,92
2613,1
2614,14
2615,2
2616,3
2617,9
2618,1
2619,28
2620,6
2621,21
2622,7
2623,3
2624,21
2625,6
2626,7
2627,3
2628,0
2629,5
2630,6
2631,19
2632,1
2633,27
2634,0
2635,3
2636,365
2637,2
2638,38
2639,8
2640,4
2641,4
2642,512
2643,14
2644,30
2645,49
2646,30
2647,1
2648,73
2649,19
2650,10
2651,3
2652,494
2653,1
2654,9
2655,6
2656,2
2657,35
2658,4
2659,41
2660,7
2661,35
2662,21
2663,88
2664,58
2665,2
2666,24
2667,0
2668,70
2669,81
2670,5
2671,11
2672,36
2673,1
2674,0
2675,5
2676,7
2677,13
2678,5
2679,1
2680,64
2681,5
2682,13
2683,16
2684,4
2685,2
2686,9
2687,0
2688,2
2689,0
2690,1
2691,45
2692,12
2693,10
2694,8
2695,1
2696,92
2697,10
2698,35
2699,32
2700,21
2701,66
2702,42
2703,5
2704,56
2705,8
2706,13
2707,16
2708,0
2709,1
2710,37
2711,6
2712,9
2713,1
2714,1
2715,4
2716,0
2717,12
2718,4
2719,25
2720,270
2721,30
2722,1
2723,3
2724,20
2725,4
2726,2
2727,0
2728,4
2729,7
2730,1
2731,243
2732,166
2733,15
2734,14
2735,4
2736,7
2737,17
2738,2
2739,9
2740,39
2741,11
2742,4
2743,20
2744,6
2745,1
2746,19
2747,6
2748,74
2749,291
2750,21
2751,9
2752,50
2753,7
2754,49
2755,8
2756,6
2757,209
2758,608
2759,81
2760,12
2761,1
2762,13
2763,1361
2764,6
2765,7
2766,4
2767,14
2768,2
2769,3
2770,0
2771,6
2772,14
2773,4
2774,8
2775,157
2776,7
2777,82
2778,2
2779,163
2780,6
2781,5
2782,38
2783,4
2784,15
2785,5
2786,21
2787,1
2788,2
2789,19
2790,5
2791,9
2792,0
2793,0
2794,14
2795,9
2796,1
2797,0
2798,2
2799,39
2800,4
2801,4
2802,0
2803,5
2804,15
2805,0
2806,0
2807,1
2808,69
2809,43
2810,0
2811,17
2812,0
2813,6
2814,40
2815,68
2816,16
2817,17
2818,10
2819,10
2820,10
2821,17
2822,8
2823,5
2824,0
2825,9
2826,0
2827,19
2828,3
2829,10
2830,30
2831,6
2832,13
2833,1
2834,101
2835,5
2836,24
2837,1
2838,1
2839,93
2840,10
2841,6
2842,31
2843,106
2844,0
2845,5
2846,44
2847,6
2848,52
2849,3
2850,32
2851,3
2852,10
2853,1
2854,29
2855,1
2856,45
2857,17
2858,12
2859,46
2860,68
2861,5
2862,15
2863,8
2864,5
2865,0
2866,14
2867,2
2868,0
2869,1
2870,0
2871,0
2872,12
2873,0
2874,2
2875,44
2876,10
2877,31
2878,1
2879,48
2880,32
2881,20
2882,0
2883,4
2884,13
2885,186
2886,4
2887,79
2888,13
2889,8
2890,0
2891,10
2892,38
2893,1
2894,7
2895,0
2896,0
2897,483
2898,3
2899,6
2900,7
2901,1
2902,51
2903,1
2904,201
2905,16
2906,4
2907,11
2908,9
2909,10
2910,13
2911,1
2912,55
2913,2
2914,20
2915,9
2916,0
2917,0
2918,2
2919,50
2920,13
2921,56
2922,23
2923,96
2924,3
2925,4
2926,1
2927,2
2928,9
2929,12
2930,0
2931,100
2932,10
2933,3
2934,0
2935,2
2936,4
2937,2
2938,887
2939,10
2940,15
2941,0
2942,18
2943,0
2944,20
2945,63
2946,6
2947,18
2948,80
2949,5
2950,9
2951,49
2952,4
2953,187
2954,311
2955,10
2956,2
2957,4
2958,16
2959,23
2960,0
2961,221
2962,15
2963,7
2964,3
2965,2
2966,44
2967,5
2968,5
2969,2
2970,68
2971,3
2972,6
2973,2
2974,11
2975,98
2976,37
2977,1
2978,1
2979,2
2980,3
2981,0
2982,2
2983,1
2984,0
2985,2
2986,1
2987,0
2988,2
2989,1
2990,2
2991,18
2992,1
2993,8
2994,21
2995,5
2996,14
2997,11
2998,23
2999,0
3000,45
3001,1
3002,0
3003,48
3004,39
3005,20
3006,18
3007,249
3008,7
3009,9
3010,1
3011,27
3012,5
3013,12
3014,7
3015,15
3016,1
3017,21
3018,0
3019,199
3020,130
3021,6
3022,2
3023,0
3024,2
3025,17
3026,10
3027,24
3028,1
3029,5
3030,33
3031,0
3032,3
3033,12
3034,1
3035,26
3036,8
3037,20
3038,47
3039,16
3040,5
3041,31
3042,9
3043,2
3044,1
3045,5
3046,2
3047,1
3048,7
3049,23
3050,10
3051,2
3052,1
3053,4
3054,2
3055,10
3056,1
3057,3
3058,0
3059,1
3060,10
3061,7
3062,9
3063,3
3064,103
3065,2
3066,12
3067,32
3068,1
3069,1
3070,169
3071,0
3072,45
3073,49
3074,2
3075,12
3076,22
3077,1
3078,56
3079,2
3080,186
3081,1641
3082,6
3083,14
3084,4
3085,226
3086,9
3087,86
3088,0
3089,3
3090,10
3091,5
3092,0
3093,5
3094,12
3095,45
3096,2
3097,1
3098,30
3099,10
3100,2
3101,0
3102,6
3103,49
3104,1
3105,4
3106,0
3107,0
3108,3
3109,3
3110,37
3111,14
3112,4
3113,3
3114,1
3115,0
3116,6
3117,7
3118,4
3119,59
3120,3
3121,0
3122,3
3123,13
3124,21
3125,5
3126,23
3127,54
3128,14
3129,136
3130,27
3131,39
3132,7
3133,33
3134,0
3135,10
3136,4
3137,7
3138,0
3139,2
3140,0
3141,3
3142,1
3143,23
3144,47
3145,9
3146,121
3147,25
3148,31
3149,78
3150,6
3151,12
3152,40
3153,225
3154,21
3155,8
3156,0
3157,50
3158,9
3159,8
3160,4
3161,9
3162,0
3163,1
3164,1
3165,23
3166,5
3167,10
3168,2
3169,37
3170,0
3171,5
3172,27
3173,53
3174,56
3175,1
3176,5
3177,4
3178,4
3179,9
3180,0
3181,0
3182,0
3183,4
3184,12
3185,12
3186,1
3187,3
3188,141
3189,376
3190,1
3191,3
3192,25
3193,0
3194,3
3195,34
3196,0
3197,3
3198,3
3199,3
3200,2
3201,0
3202,20
3203,50
3204,4
3205,0
3206,43
3207,3
3208,1
3209,34
3210,20
3211,0
3212,5
3213,6
3214,1
3215,7
3216,3
3217,3
3218,3
3219,10
3220,0
3221,3
3222,2
3223,3
3224,0
3225,139
3226,205
3227,15
3228,6
3229,87
3230,6
3231,1
3232,0
3233,0
3234,0
3235,8
3236,2
3237,17
3238,3
3239,0
3240,1
3241,0
3242,1
3243,25
3244,1
3245,0
3246,100
3247,17
3248,26
3249,6
3250,4
3251,8
3252,0
3253,1
3254,3
3255,5
3256,7
3257,75
3258,7
3259,3
3260,1
3261,23
3262,6
3263,32
3264,0
3265,60
3266,0
3267,0
3268,16
3269,11
3270,3
3271,5
3272,3
3273,6
3274,36
3275,5
3276,2
3277,48
3278,20
3279,22
3280,6
3281,0
3282,130
3283,21
3284,101
3285,5
3286,12
3287,15
3288,3
3289,3
3290,1
3291,0
3292,3
3293,11
3294,48
3295,38
3296,0
3297,2
3298,2
3299,0
3300,11
3301,4
3302,3
3303,1
3304,7
3305,0
3306,14
3307,2
3308,4
3309,6
3310,4
3311,17
3312,2
3313,1
3314,1839
3315,0
3316,6
3317,5
3318,2
3319,5
3320,12
3321,67
3322,3
3323,0
3324,1
3325,65
3326,1
3327,30
3328,2
3329,4
3330,4
3331,33
3332,0
3333,0
3334,6
3335,3
3336,0
3337,3
3338,52
3339,18
3340,0
3341,0
3342,0
3343,174
3344,5
3345,3
3346,2
3347,163
3348,3
3349,1
3350,2
3351,0
3352,14
3353,47
3354,0
3355,30
3356,2
3357,4
3358,0
3359,2
3360,8
3361,6
3362,4
3363,18
3364,1
3365,27
3366,2
3367,3
3368,47
3369,0
3370,7
3371,18
3372,0
3373,28
3374,0
3375,4
3376,74
3377,1
3378,0
3379,0
3380,43
3381,2
3382,1
3383,1
3384,2
3385,0
3386,8
3387,27
3388,0
3389,2
3390,67
3391,0
3392,5
3393,0
3394,6
3395,5
3396,0
3397,5
3398,0
3399,1
3400,20
3401,4
3402,3
3403,3
3404,0
3405,28
3406,24
3407,3
3408,0
3409,0
3410,1
3411,0
3412,0
3413,5
3414,5
3415,0
3416,23
3417,1
3418,0
3419,0
3420,132
3421,16
3422,0
3423,54
3424,0
3425,8
3426,1
3427,1
3428,0
3429,2
3430,4
3431,7
3432,1
3433,1
3434,0
3435,0
3436,8
3437,0
3438,7
3439,1
3440,14
3441,1
3442,1
3443,0
3444,5
3445,9
3446,2
3447,0
3448,9
3449,1
3450,3
3451,11
3452,0
3453,1
3454,1
3455,5
3456,0
3457,1
3458,1
3459,2
3460,5
3461,15
3462,39
3463,6
3464,3
3465,0
3466,3
3467,5
3468,101
3469,0
3470,0
3471,467
3472,0
3473,20
3474,1
3475,0
3476,6
3477,0
3478,20
3479,35
3480,2
3481,55
3482,20
3483,4
3484,2
3485,1
3486,3
3487,0
3488,3
3489,0
3490,1
3491,0
3492,10
3493,0
3494,0
3495,5
3496,2
3497,0
3498,2
3499,0
3500,1
3501,2
3502,0
3503,11
3504,9
3505,0
3506,1
3507,20
3508,1
3509,1
3510,0
3511,0
3512,9
3513,21
3514,4
3515,0
3516,29
3517,22
3518,0
3519,0
3520,2
3521,57
3522,2
3523,5
3524,23
3525,0
3526,0
3527,0
3528,0
3529,3
3530,0
3531,0
3532,16
3533,24
3534,3
3535,0
3536,0
3537,4
3538,18
3539,3
3540,0
3541,299
3542,1181
3543,55
3544,5637
3545,1357
3546,58
3547,176
3548,1
3549,21
3550,2
3551,3
3552,32
3553,56
3554,1131
3555,3
3556,37
3557,1
3558,47
3559,1
3560,9
3561,2
3562,12
3563,3
3564,18733
3565,2
3566,7
3567,0
3568,0
3569,2
3570,0
3571,0
3572,0
3573,1
3574,0
3575,0
3576,2
3577,6
3578,9
3579,1
3580,0
3581,0
3582,0
3583,1
3584,54
3585,3
3586,1
3587,0
3588,0
3589,1
3590,1
3591,3
3592,19
3593,0
3594,3
3595,0
3596,0
3597,1
3598,0
3599,0
3600,0
3601,0
3602,2
3603,223
3604,18
3605,25
3606,0
3607,1
3608,1
3609,4
3610,0
3611,1
3612,17
3613,9
3614,71
3615,3
3616,38
3617,8
3618,23
3619,0
3620,4
3621,1
3622,2
3623,1
3624,3
3625,32
3626,1
3627,19
3628,0
3629,30
3630,4
3631,7
3632,5
3633,0
3634,126
3635,0
3636,1
3637,422
3638,763
3639,14
3640,0
3641,62
3642,0
3643,3
3644,4
3645,17
3646,1
3647,0
3648,4
3649,0
3650,53
3651,3
3652,4
3653,71
3654,0
3655,2
3656,60
3657,6
3658,4
3659,7
3660,48
3661,2
3662,0
3663,3
3664,1
3665,7
3666,374
3667,0
3668,26
3669,6
3670,1
3671,5
3672,8
3673,3
3674,3
3675,7
3676,281
3677,5
3678,21696
3679,93
3680,5
3681,5
3682,1
3683,9
3684,0
3685,144
3686,0
3687,0
3688,0
3689,114
3690,123
3691,48
3692,3
3693,6
3694,1
3695,1
3696,53
3697,6
3698,1
3699,25
3700,1
3701,0
3702,15
3703,7
3704,0
3705,12
3706,67
3707,7
3708,2
3709,1
3710,1
3711,3
3712,1
3713,0
3714,0
3715,22
3716,4
3717,4
3718,5
3719,553
3720,1
3721,3
3722,14
3723,0
3724,3
3725,0
3726,0
3727,20
3728,0
3729,9
3730,2
3731,0
3732,0
3733,35
3734,0
3735,9
3736,0
3737,0
3738,0
3739,0
3740,16
3741,0
3742,1
3743,3
3744,0
3745,0
3746,1
3747,0
3748,4
3749,0
3750,7
3751,0
3752,28
3753,0
3754,9
3755,14
3756,2
3757,2
3758,0
3759,42
3760,2
3761,6
3762,0
3763,0
3764,0
3765,0
3766,0
3767,3
3768,0
3769,0
3770,8
3771,3
3772,40
3773,33
3774,7
3775,0
3776,375
3777,0
3778,0
3779,0
3780,0
3781,0
3782,0
3783,10
3784,0
3785,28
3786,34
3787,0
3788,3
3789,1
3790,85
3791,4
3792,6
3793,0
3794,0
3795,3
3796,0
3797,0
3798,0
3799,0
3800,0
3801,0
